latitude,longitude,crime_count,risk
33.65127505378284,73.71072818251241,50,0
19.85906362865341,95.15874740133088,77,0
33.27159589206207,72.46259377195346,18,0
9.519207654277094,85.43138016338929,58,0
17.909840140600256,85.9310961355678,14,0
15.61852201424778,88.28737632961429,146,1
18.10907972206507,78.33752811737132,147,1
29.472467674459597,92.98153009005256,117,1
26.25458483972946,79.43963765084852,143,1
17.91028560291764,88.70231121155983,116,1
14.582072909024092,75.96933233502178,21,0
14.680456258109265,76.21693713621129,114,1
17.471228464965048,93.70872832897118,150,1
23.5195632381891,95.42670375347453,105,1
30.338787348688733,85.60343441013741,54,0
20.123634511956315,87.93135962625584,100,1
33.865455042047344,73.04106218858114,40,0
34.71200845609276,71.21094177921782,17,0
27.387036252379108,94.0520828277829,82,1
34.18710344507021,74.70826447422645,128,1
28.71170049788401,71.6912069177497,108,1
8.48557208739318,79.98238719607696,85,1
22.876359862510398,95.41901647903293,40,0
8.428128506686962,71.03358049791848,129,1
36.24521920729339,71.80805990992769,117,1
36.050177454293035,84.79047873103559,15,0
25.478377013339554,70.373022285351,132,1
12.432458576018357,81.9210091070776,82,1
18.7483404673027,79.78765251193028,76,0
14.675042387757708,82.2691917882236,130,1
33.070423849649906,94.9305599653553,120,1
22.092119506267586,95.8277334317747,45,0
16.28252575974507,88.43190227109497,92,1
36.913171772182146,74.68383300535834,95,1
36.157839841212876,96.03406815774713,126,1
36.631812330543184,79.72054584973739,138,1
27.307144408849044,78.79515090021971,77,0
28.711462482084126,79.62584377757554,24,0
21.839456544705524,70.2447869516809,101,1
20.379915474893224,72.72367882559507,95,1
8.997494514430024,84.4075882561976,71,0
32.835082382678934,89.21873265179536,124,1
15.63595276034191,75.03827686250604,119,1
30.47978667497686,74.46058079167314,116,1
8.695993074465495,75.09670728056255,93,1
11.153095432730659,69.6006205121695,76,0
35.745022547187844,93.9956155286788,19,0
17.586542400077313,72.37926269970193,91,1
32.0359481119832,94.18921066111096,93,1
33.6551100061951,88.53599218489917,76,0
20.397598665091717,68.05089967303135,59,0
14.920231368251644,85.61507284276223,144,1
36.98374414913154,77.96888996823532,57,0
20.920120359714115,69.9499739054816,119,1
10.60689539127899,87.0897515601288,58,0
34.17395089856578,71.5562941036099,89,1
15.737157747299925,88.06891903297944,118,1
18.072957036828523,80.42867753438978,131,1
11.773546400909279,81.22889527215168,146,1
34.201602504578545,85.51710527398376,100,1
33.05064809620394,81.19870420142884,123,1
32.961186591763315,68.34930514505234,47,0
15.471589130430441,84.42125343511299,26,0
14.502512368399636,94.41571332318897,52,0
14.24366784062963,79.20514736147936,134,1
22.37867410882803,80.05191946294447,92,1
34.160121006123546,78.52257371622282,19,0
30.829730784653723,81.19908817234662,22,0
23.767728473029862,86.27649882929339,56,0
22.15940169732849,70.78647496542156,25,0
8.556443140432101,94.75722778506503,63,0
11.85842526439493,83.59453833630918,95,1
26.682914397060703,78.44538371017187,41,0
33.673284898176064,89.46785558475361,103,1
32.657948391934006,80.38836668500238,29,0
8.133428955865776,72.38812619560794,143,1
31.194693882405918,93.49024917327003,31,0
17.420402310247038,75.55213524561428,40,0
23.29808901851132,76.62999526337637,65,0
15.395587221379753,81.30254945556875,26,0
32.03437469806081,82.26179796593613,16,0
21.217827891642244,85.80158436438045,95,1
12.633987630550196,70.21071318033755,31,0
14.630525344061411,73.6754792022569,63,0
18.36960015471307,95.61436407325915,94,1
24.423084438736904,90.5560943358419,60,0
14.543694484130075,77.79679713287264,92,1
26.861349097305208,88.22188394953741,68,0
13.957479166342713,80.41487089902368,135,1
35.53917340621601,77.33071069101587,66,0
18.14758285032574,68.56452739254665,30,0
26.387981772854694,71.92604351796378,23,0
9.152340238915048,79.55200321873363,88,1
12.65114636327002,71.25046629824591,117,1
12.463453826418649,75.70399226382281,21,0
11.963920580653506,69.3498084388128,111,1
23.430385584180634,75.87130151882404,34,0
22.7147155482717,92.64991144198456,75,0
27.565197234548812,76.50124609504108,114,1
13.828249964941913,76.38410089717871,119,1
27.549012609599718,83.18369166330127,62,0
15.555570993316536,77.39334356894169,134,1
13.40509860897327,82.64855278721156,107,1
17.427472710224052,95.69003015907529,77,0
35.33579476235411,73.2245388284046,12,0
34.247487858216004,95.15272922132846,28,0
13.169170360375707,82.21291395675365,105,1
14.04994571495708,84.33741394829067,71,0
9.593003635981551,96.95810933954841,60,0
9.851393193566938,70.72865190050912,38,0
31.773394007638768,80.30716495662402,102,1
31.264882418165456,79.56467589993527,36,0
12.916054891949726,88.29559506090166,47,0
14.510267993415585,83.41712669114152,30,0
35.61923831504606,96.66950254492403,68,0
21.589759777781538,89.95475630912334,70,0
13.281767456371867,93.88895275419445,85,1
23.849491759536235,89.96812614294308,115,1
11.662352602759562,79.95739171012755,24,0
28.409477925193514,79.26866584516878,81,1
12.369202443500527,86.78128634180302,101,1
26.92552720412687,87.88802034920894,20,0
20.585555403267005,92.55294669217977,128,1
35.01117043049785,71.35867039435709,134,1
23.95472472449452,71.36625952350596,127,1
21.63922335612019,93.32218074289518,75,0
24.100881307860345,79.35138768553239,133,1
17.758062286759504,88.62003200383799,78,0
34.42600521534975,86.66677328694541,69,0
15.670632708904002,89.96511186160043,51,0
33.67006493887992,89.2650244449238,88,1
21.769766997778632,70.60549664175284,90,1
32.6071990847329,89.03913986981559,98,1
19.317168104246317,79.67665585488689,27,0
20.45320952747382,75.0434090142856,29,0
30.24878914941398,76.80602810452785,127,1
34.37085288595523,86.65574921263352,57,0
29.468499266486038,92.88876341448568,143,1
34.45918837530796,86.72764529963045,78,0
21.181757164673257,69.76837053907461,13,0
26.0378204836519,92.79075197304539,100,1
9.896410647865217,84.8649810902636,35,0
32.24549926074002,82.97329027567244,108,1
28.134124217255838,70.62979116727234,38,0
9.050439968811219,96.5096546624842,44,0
12.980713818861442,70.62269167269629,77,0
25.3906373934202,87.31161229456234,115,1
14.133715025905378,87.13747509287121,137,1
35.53146684926648,69.11730850008611,53,0
18.406100842067346,77.50714872241774,21,0
31.025834053320477,71.2880422460155,46,0
11.970935631741376,81.76220277059312,13,0
8.577297060648421,69.05279640042748,30,0
31.272650841340564,91.1803984787739,136,1
30.06458212504115,93.7747732222562,97,1
25.555825407351954,89.91292710754523,113,1
19.7730167359498,76.59652439439824,146,1
12.301760395610373,91.5266382375405,98,1
21.880109864642996,77.1955555804583,87,1
34.19163218614617,68.50262243664775,134,1
30.541772279607084,77.00790289050123,136,1
14.073243383626059,82.77260595065526,14,0
9.28195835102576,92.6665172604536,23,0
15.906385067445807,91.83590112397407,131,1
35.33936710640681,85.47601500193284,115,1
8.208604377634037,76.43872924112058,138,1
18.50587640283626,89.96851196344812,67,0
15.370255748900785,90.41446312654271,24,0
33.86199056639752,72.75505845137589,118,1
12.975740987817735,93.5233581374074,138,1
9.242560195430698,74.9282792539644,33,0
12.393947540174807,90.69861285768673,42,0
21.818610909905438,74.7576467918522,10,0
10.69417626164493,72.8803233498823,97,1
21.469541979007168,72.12638311118047,111,1
22.036056477079672,73.14649221120776,78,0
35.84277299846552,73.07980205071063,147,1
14.698635713585666,73.79329632237959,119,1
21.471269808967072,69.08314568266486,51,0
12.557638313666846,79.29921230884955,16,0
21.257410257522174,93.68029006327279,20,0
22.124749266612557,68.90864142968387,89,1
13.745439111203023,82.34605608114232,41,0
18.8196637093604,72.75614434269339,147,1
23.15582275871955,91.73023071719584,112,1
23.443059053679214,70.52322985905143,77,0
34.9628859280501,68.39186763372348,20,0
35.70105473747116,81.25353327996179,25,0
30.707765103291596,87.51325764688025,27,0
8.13367575121474,83.34174481055491,117,1
19.401340725100862,85.43201378250482,30,0
26.512522417953836,75.55882101809371,44,0
32.27302751400492,72.13510208986273,90,1
34.046571812559066,76.70253182918742,130,1
35.06655552131899,74.02331541403572,119,1
21.464902398642195,77.4589338295598,116,1
15.259556735688431,93.263908612765,55,0
10.586680878132892,68.08893206627148,44,0
36.47047719420702,85.9572247913679,90,1
35.80711546581527,86.35252983015485,30,0
19.20249012254185,68.78001993063025,74,0
22.887992043396984,71.7666313200753,95,1
16.968513248353105,72.74383026408096,13,0
17.313286930720412,96.12037684400073,68,0
29.271152290966736,76.35799809389707,117,1
24.035291021225103,81.95846441918422,132,1
30.821840198186823,83.99267368982775,108,1
33.31437197241698,96.51345173671577,117,1
32.33731397889194,79.47133265199419,124,1
8.765623589332487,79.35691437329416,47,0
14.776798571490936,77.9720460305032,84,1
24.612620890543656,95.02276329370727,136,1
15.23759723946733,78.45532552603669,32,0
21.76908875649569,75.36244248823463,133,1
13.314763060745957,82.27378580267157,36,0
32.85742185369349,88.870272437787,129,1
11.863010726295583,72.64678732407384,129,1
34.98132530239898,68.68294730442099,14,0
36.978968345862825,94.60830471609452,132,1
20.544611330632,95.5189168302082,46,0
24.899332463842303,88.62173882733853,18,0
27.045704899949506,72.9551877068969,123,1
20.106553811497733,83.49100824855043,43,0
29.27455051661746,70.37211764235622,36,0
26.601498403195784,75.76654902750701,129,1
31.752296359149998,94.32073699266223,103,1
21.772138807847824,89.59007792395255,15,0
17.781159234173188,91.00194255348106,129,1
28.114317428010402,78.9573748109963,77,0
21.173688187735713,69.15244489392293,98,1
13.14974528851996,75.94569029770823,136,1
33.90828432189701,68.3537847366806,89,1
20.922044828082875,68.4107405587987,56,0
16.147820335563807,75.25653047090177,147,1
33.272289674417294,77.08633003632832,16,0
32.779402011770294,75.16725737232402,106,1
36.91135467321085,70.75838655059668,106,1
27.60728379015418,84.81543023880214,122,1
31.163656643116305,80.62340614239498,25,0
12.697637578356526,76.94818838554917,129,1
24.188888414673297,75.72789244881517,121,1
32.5206834527647,75.61940401243845,78,0
16.92971734139533,96.3292688600564,146,1
17.46070104478281,95.17893391718664,101,1
10.622807344414445,85.31113906048807,137,1
24.837513584916827,76.77299464967771,92,1
35.59515054619438,76.15205119916212,73,0
31.600530171777102,74.77542298414087,114,1
21.996405205525036,87.57825192931125,136,1
36.40434395931945,75.69427569490294,81,1
22.598155865706484,94.82998106775926,119,1
35.74519470101522,70.2811198091102,85,1
19.685491547713593,75.36151839400685,67,0
25.349974093801013,94.90413737418078,143,1
26.98671388148429,94.41193117799124,85,1
24.34694792945561,95.29736507262757,120,1
22.39015474457218,91.78336493069723,102,1
29.12668884341566,88.10406996965733,33,0
12.11190930118268,81.54522721526985,114,1
21.315359254346873,69.66234774399976,136,1
18.430691305433506,68.61859581605232,15,0
33.959222533526116,95.44633407499826,122,1
27.11459173415186,75.47122052531282,52,0
32.338648385691855,73.99988830882101,50,0
8.801107946085269,71.6174607404929,116,1
32.10347223530165,93.14557616339265,124,1
33.558604770779276,85.31275878841075,125,1
20.069209756010597,80.73824603425648,133,1
26.121100127402308,93.13487968952431,85,1
24.411923306619556,74.51004605407907,49,0
27.31145146468013,96.97637194389503,72,0
32.359613920564485,95.8438096813519,39,0
25.003132529014593,78.55067672741808,141,1
28.848765650491167,81.09194070196462,44,0
23.133506594022236,84.4984948703116,45,0
31.92835505670987,70.6165681486818,50,0
25.280105211343393,74.87867956558625,132,1
34.97812631055327,75.74636014505612,106,1
23.40243736879152,87.9842178561586,49,0
23.127801100085627,96.06797511337714,132,1
28.090302318740953,82.84329599002555,129,1
16.440001274947374,72.70349601010949,35,0
28.211199913630782,89.1276630236149,118,1
22.572280093389026,69.57993738703892,119,1
23.33680428367279,87.55995271166128,135,1
8.663760152967592,87.4146810098442,68,0
13.390241145640672,77.96467430879524,123,1
20.776832148352618,75.93264305785618,123,1
21.546358829317956,79.02630506142098,14,0
13.817093581441307,92.11557815479972,53,0
30.542794669791792,85.96804178282446,41,0
30.55813477105978,94.49176524415937,110,1
35.036299985667725,69.84390546053741,17,0
26.665911863337985,70.06432636897945,63,0
27.89727931800327,72.14724544347769,52,0
27.206771825005976,75.4110291917988,103,1
23.585393568032742,84.75447570710979,12,0
10.68295533128865,74.9289215081675,50,0
19.287546656777128,81.91199107651947,56,0
9.529240743444173,76.63970175948054,86,1
29.467705899961366,74.64023758089913,11,0
19.33554964352343,78.07724899681932,149,1
30.887298889354433,84.14612343738511,128,1
11.56921770310592,77.29182122052666,111,1
8.335169554588195,79.59190851942738,125,1
19.881615182129345,73.74578996026732,144,1
35.736069927151476,76.98144203234855,37,0
30.484926937508458,88.23583664332538,122,1
12.282995468342936,75.46713607188785,125,1
16.024775059251244,93.12416750930704,109,1
36.16804852065551,71.12716117299297,13,0
13.150088093665902,83.10314030270197,111,1
14.825849191766206,81.56937136387262,149,1
33.4217438153312,72.09914283986092,40,0
23.85349197320851,92.09154700956363,61,0
30.534872565094478,81.502512194893,119,1
19.86293183154,86.43620116685395,14,0
13.888194664911808,84.8012667112956,42,0
25.302373869034636,82.85405260082007,131,1
21.60474309156322,76.83053367080021,40,0
18.81800419403264,92.39491891741892,83,1
10.905130253901866,80.05506145754032,68,0
24.337064853277877,78.76483774076844,144,1
8.00120658437358,96.95747676882463,83,1
21.11084951536091,86.36996473108917,28,0
31.46159963989679,73.85799060489344,40,0
17.1720616545583,83.57905340829282,138,1
29.881345687272518,87.60575016940055,128,1
28.579174822538985,94.50208261052691,124,1
14.25817682777867,91.80832659095158,101,1
34.052024754768034,75.6899114139787,36,0
27.391368389805294,85.14804114510832,14,0
33.45629409428079,95.23012150060993,142,1
34.255858779452595,75.40011970421529,122,1
17.544133722378255,79.70421196500286,119,1
10.274763566252409,68.09339894951711,141,1
19.915347899409436,94.80361188592785,61,0
32.99839139310091,71.58086088339721,115,1
15.199631402213685,76.22272287581417,84,1
30.542776471020996,86.83919602218273,56,0
10.422328242352727,79.95688972938832,11,0
9.052593565947912,74.13806593205649,80,0
8.100688542864589,93.31328744145156,19,0
8.678524141937915,87.23568653230075,41,0
11.38804347645361,73.09103231709254,102,1
9.571048272160445,75.5161414610896,120,1
28.89767692389347,71.97204012156786,87,1
15.783624646284432,75.35765363333704,69,0
24.427555126618117,73.39325791819802,54,0
16.545438990021825,79.62603687601634,10,0
21.545203416792763,75.3394882745484,77,0
36.405653738018906,93.1058961414577,14,0
19.677496158157975,91.34389212486927,57,0
32.747262483114135,85.48370457694072,62,0
30.696743682244655,74.31198202678225,102,1
31.95346100376472,73.41480089204623,150,1
22.80077259106278,91.32770357981036,98,1
31.858517734978562,71.21301716551872,141,1
14.098647715811715,83.86787629433346,138,1
25.99768803943107,72.13697741649754,17,0
12.876314560732919,84.64860558653768,137,1
13.790313158224063,94.13697594820238,12,0
26.727112775570085,81.02231098037475,108,1
20.95498406265587,85.17368479979721,136,1
32.009203317446634,93.25681286961941,119,1
20.234147400325075,73.82441960765127,68,0
13.028884799295946,86.39660729584716,36,0
22.353103873478098,81.97515266286109,142,1
8.200084767257007,87.7865030588797,38,0
28.55811802200133,87.0321154444026,80,0
14.767087553226077,81.70157655953187,141,1
11.808124432267963,73.23971881283343,53,0
21.74820997062757,68.55262136336563,78,0
29.578937623681576,77.04426645676102,65,0
13.200897464126442,86.55817658496298,91,1
28.07856181761437,68.39689575196523,148,1
11.409762512172154,76.33326499363969,147,1
26.267291396327195,92.80211118434657,73,0
22.644211075443373,95.8115019729225,39,0
10.61329085439709,84.18306227820374,84,1
32.26187544717331,92.71009956301924,140,1
29.25008784529511,90.68007680635623,140,1
35.1515399704794,74.66603598266336,25,0
11.14591205370126,89.21202269789413,94,1
18.193204000790118,91.43855565038422,147,1
8.031389627824492,91.70886343728054,112,1
29.373633098145195,81.32546839781233,150,1
16.57096365671927,75.03179370123604,87,1
15.081406465555212,72.27022638519898,48,0
36.87099140323342,75.58426428555143,17,0
13.25346514995935,73.58778909410336,74,0
23.210705503451166,80.07050414338286,93,1
10.841911764666545,92.14085884649127,40,0
16.814870024609995,71.61228401024074,133,1
32.1755396458488,79.29696614469628,50,0
28.406781566003506,86.1546652438376,81,1
9.371317024736662,90.75915268740611,28,0
17.238222060648535,81.38725089809667,67,0
36.14359246723507,72.9067362440128,13,0
36.05228591615637,89.34197808774404,59,0
26.64086494454262,73.92974755755445,44,0
31.6212144989163,92.36768244824766,78,0
30.075688618799933,78.75160225629088,139,1
18.771534060734545,69.47237301267045,14,0
16.49217576222039,91.85692677817786,38,0
24.904144066981864,78.65799994310146,52,0
32.835015999858214,89.72633444847374,93,1
12.353578894262068,78.78324405790512,136,1
31.75938627695399,88.15036441307626,56,0
17.682721950844986,72.19695180156502,18,0
29.16019176444338,75.95387132445309,88,1
17.891101678212884,70.22232674293828,144,1
23.31980982632372,81.77634402256513,79,0
33.96598025221681,77.12191618403088,96,1
19.815304493370036,95.66302494076972,76,0
31.639133849594124,84.3667045631105,140,1
11.258754895653437,76.36355254342436,71,0
9.87185505500538,68.457104828583,129,1
21.284413843640486,81.71484280133686,33,0
14.636954800520613,91.65244461887106,83,1
18.00901349374818,80.19173531006652,30,0
14.243941714110637,83.26328167420493,24,0
20.808755526925623,78.15632638190462,81,1
9.436777410619547,69.15701137127783,19,0
18.181546707561267,96.85559233935557,82,1
17.44867763290117,70.2327261130123,100,1
20.059101512837543,91.66528290941811,120,1
21.84549510182039,91.3213532319417,64,0
21.752881331570464,93.58207315009614,10,0
33.36228698139176,84.21969869100938,54,0
10.975578323774553,74.82382104277654,142,1
35.386889569220614,93.72246566651961,87,1
14.166079862455003,69.17697493936784,20,0
18.016658094895842,79.27967659092806,131,1
14.107871488828225,76.93413042300038,53,0
16.80623884651571,81.86440749771947,89,1
26.56054128728699,73.4927015563028,112,1
21.101371962020853,87.14922282573383,48,0
26.077157300506045,92.72840708033999,137,1
28.642751057587112,89.26803546397281,80,0
14.370551028352121,72.01698060320753,20,0
32.83736067751964,86.09093135078783,139,1
21.387971669127943,95.97580819351954,89,1
14.578360787627886,77.71054629013392,136,1
28.860222996195798,71.4464009525924,25,0
17.72147974919652,83.10310329934461,145,1
21.917396502376143,74.51261578155886,123,1
32.298492816323126,70.89681412710517,63,0
28.403265398869046,70.75491984385657,71,0
30.868900408662327,83.90438040888132,127,1
19.534753921236817,81.34896764082052,128,1
20.929411300655396,84.58129861560045,23,0
13.789149965291255,80.63716719145505,132,1
32.68820998808624,70.38698052336753,123,1
11.55053767243743,72.2460468067761,27,0
11.991064144506641,75.94884305608664,32,0
9.693035413531446,90.98675040243552,69,0
30.63319646931176,92.91845756552709,143,1
32.737392909924054,78.05186096562865,135,1
13.27031876952541,68.16975840857323,139,1
27.885757009379248,92.2863157494978,19,0
27.37112929938878,87.55530442072525,46,0
19.233668990333392,77.2405815787661,16,0
23.382895574096015,76.58156184303579,130,1
17.10810553348122,95.4171325423936,64,0
25.369243152434787,75.64945524645756,14,0
26.713940301771288,71.63028024988503,51,0
35.48384474948816,74.28982489810463,142,1
15.45993454589874,95.72578228701656,64,0
9.966240901420282,70.72745179753338,92,1
22.794075488160587,82.81423919551261,112,1
8.598243502202074,84.42589979128948,84,1
30.85127396680078,78.57572953903932,118,1
34.76814822061276,87.60797760588676,150,1
31.15073460012521,92.3437182664098,122,1
32.29923302284851,77.89773526237973,52,0
20.81715676674612,73.39508517060676,107,1
29.233820292887508,69.8077533526571,49,0
35.852033206780646,70.50585535439872,29,0
36.997263648624255,80.21226045444864,121,1
12.355886072169486,94.1462513743038,139,1
14.7472448236689,71.93016143921642,82,1
18.01213154125997,89.01451740452407,132,1
24.932132477104172,75.60663525143505,88,1
33.63712589471798,80.09217861881525,106,1
25.88958281031381,80.75919158407376,21,0
27.3410391358001,84.16044069152827,28,0
20.76322402051978,70.84087178534826,24,0
24.5770495547056,86.69647074578674,98,1
16.16163005510247,70.42062856893061,70,0
14.291185108617597,76.51033782154332,76,0
17.554074794678094,95.02741532813796,112,1
24.19669128543136,76.13037718206137,88,1
11.644476125859441,71.83718721617562,88,1
24.52770917578348,76.67196974272785,19,0
24.34980778627284,95.33360526276388,42,0
8.006912710839124,77.37394279403229,122,1
28.41056545269536,84.14773515279387,121,1
22.109589523150365,86.75202302814543,135,1
16.325738490790577,96.57959193235816,102,1
15.621562963647651,77.13121630411301,139,1
9.696817876732203,80.05773671908135,134,1
34.0937633919744,78.18664560512514,84,1
19.67198281351829,68.41154635942235,109,1
22.187389566396952,91.23424097933612,107,1
16.474220420876602,74.22249353578603,84,1
27.418630534662775,84.45028214111066,41,0
13.418071293762647,92.91016826770766,19,0
12.449574285491341,82.12785035703816,31,0
25.40336149612669,78.14633860159267,92,1
9.045145969540705,91.75572252154377,69,0
8.131694706939037,82.56835556775567,21,0
9.106250581867643,91.37809015399452,149,1
35.365034397746165,68.56552989149094,88,1
35.35524646524037,77.54688001261151,99,1
9.860560205331778,85.21572711306278,112,1
35.8304878359157,77.206596020304,121,1
16.336019261824056,85.68488101248319,140,1
14.957032756546749,88.76243123759438,20,0
34.50299739906491,95.10158778282471,81,1
23.061444209040083,79.71235115275996,135,1
17.37637247858717,93.13163076228255,73,0
22.73469147903608,90.26185814391596,25,0
18.451084537199527,80.30149561357095,39,0
28.04203552347438,74.52475516360673,97,1
30.587047129090333,77.16214974180492,54,0
14.778999052948365,94.79754340331353,51,0
28.153428183165097,92.98450052808678,78,0
29.155027599486743,89.54496120181255,30,0
27.737611113657653,72.50826896311156,100,1
32.30843362601794,73.27772030575959,40,0
12.46735085558556,71.73310258715561,64,0
22.789704351432004,95.8146728611961,12,0
27.026931813522307,94.83431734756707,123,1
29.093901368601156,81.38790842224327,143,1
28.954664827884244,69.69965983813817,67,0
17.25238775165669,75.18561821194761,94,1
13.155998970864879,71.21654777869045,86,1
20.17076159081143,77.60899153905866,118,1
10.318224015608731,93.51426264701695,103,1
15.747534498784457,79.43886494487711,141,1
13.813691410033622,71.07078256310274,31,0
14.839752695323082,84.59118845271533,47,0
18.900449697967414,77.68948456955845,19,0
18.578542425999316,72.18555828295746,108,1
30.055876678520086,89.2013948569187,127,1
36.52631663708952,76.60064884161069,110,1
25.791617371550217,74.4320326627636,80,0
28.920381880774737,81.1825315548973,25,0
31.6618624609094,77.87347242828493,146,1
16.241114741588614,91.6187402116056,94,1
17.294309103431363,75.6804835098724,36,0
24.95857577647455,73.97483564263337,20,0
25.35023145656337,74.80848796084898,10,0
26.920904864401045,76.92352262480404,17,0
32.19852694209038,81.90018676090425,69,0
31.67135924572931,72.78182107067657,118,1
14.804420327077269,79.61241253282623,72,0
33.98539513328794,84.89627189096603,150,1
27.131127581017772,76.9614572052888,150,1
34.46808797386031,93.40611475052442,86,1
18.527388606630094,83.12018976009503,106,1
25.409126907120278,88.97377491030845,143,1
31.85829268990055,69.49105365762543,143,1
31.75130762972543,68.63770655867259,132,1
20.737259154355208,86.19488918220144,64,0
25.189710753934165,90.50564857752167,38,0
28.015442180802808,83.4932302487866,52,0
16.139550472036518,76.50414198349687,139,1
14.94165694516493,84.13911412231768,99,1
13.594500720353256,89.37321608397069,17,0
21.30345844285674,85.06342621766655,38,0
29.11786084247514,81.93101409404622,94,1
24.667353424531584,70.68152002868615,13,0
34.814395187920645,82.765941042697,128,1
31.47243241363354,74.78100277540092,91,1
25.193231419696218,83.93779237449252,121,1
33.246263304776846,87.9531139301152,13,0
8.960134175124264,72.50702340225531,80,0
24.645508131149246,90.91627949147146,10,0
26.52177876393347,93.0747724819878,80,0
15.485103196720955,85.12673722682166,23,0
28.322300392336082,85.49316635826344,146,1
17.92658818439997,90.60530029211276,115,1
33.890113513932626,75.93618011922702,128,1
8.03351815804756,90.02995811723648,101,1
29.45627474634239,88.25038060033994,106,1
31.575710659965956,74.90202536241506,10,0
8.9375864866151,90.17121732711836,123,1
33.346334999541156,70.34375758123582,41,0
27.4193091677406,96.50816823530162,77,0
26.56928314936311,93.21407215035725,96,1
26.768845839577093,73.42324360275356,107,1
10.441637637709988,88.43658160634705,37,0
23.70915470225237,95.31224487350818,118,1
31.170183208807963,68.38478123479895,149,1
15.037146901148791,79.30897404059618,145,1
15.830142702976868,88.05576926255262,96,1
10.153486017487078,84.30531163769709,103,1
21.003765851251767,70.2628731072099,29,0
31.650225073479273,88.95123421512447,86,1
33.928214896822695,89.83764827302647,11,0
23.172636246392063,69.28537850497842,21,0
18.024409961479957,85.3359706752828,28,0
24.530087760786333,74.16762378859364,95,1
13.515828113536077,90.47345443875972,24,0
25.857156652611888,85.07899610613173,61,0
21.75829637370591,86.30833112688225,70,0
25.684154756736365,90.87452780434398,127,1
15.415305130614595,71.11376742061424,79,0
12.106687329494196,87.91248205756747,123,1
33.199876049649994,94.93252023368117,89,1
26.04294437929454,74.62632509032714,87,1
15.705090885209586,81.22704592811886,124,1
27.243121371703296,91.32670835783928,89,1
32.00115684619017,91.5630451653563,71,0
8.39423598305482,96.22309417730648,90,1
27.668287916039134,95.7578292401215,20,0
22.391427319075774,89.94240314735879,120,1
33.30441323828815,82.36235356710407,135,1
36.6375602548863,71.14355483544637,126,1
14.030344172160078,85.79431215732882,83,1
9.5388716481169,80.46828354215613,139,1
17.297214376303792,82.2349650443081,70,0
15.919688263820577,70.98599794023384,66,0
11.945606108554538,83.57206677175117,130,1
19.55242097258073,89.06142112968398,35,0
35.58360620706681,81.51960913486518,31,0
27.01332712664592,78.23027423701338,124,1
30.32777451565472,89.1927991633917,66,0
34.12922719354796,85.67426862793658,91,1
10.762897286363476,86.20296542360363,60,0
28.28484916623726,81.63436930089374,12,0
18.555028533162126,87.63734332934544,136,1
14.257794165615504,92.58753030666173,149,1
33.72658270299098,70.75348387829328,89,1
13.563848553458588,88.74576771675021,93,1
31.4172484933873,86.93804537521953,42,0
34.14188134873457,96.23580423273563,107,1
24.202584317540005,73.91945254847893,28,0
25.225650497787992,75.3321494878644,26,0
32.71412757185051,74.7525070961274,97,1
25.95500876585167,87.99692767848849,57,0
23.82574827078645,83.68934552356498,82,1
10.562689382819698,93.52240428114774,125,1
11.001255771659673,91.13925812317625,88,1
32.54681535673154,69.92162778842466,63,0
35.22789387297273,76.30514761310289,133,1
13.835937863698035,94.24199042487321,50,0
28.147776520198853,85.79099093289213,47,0
14.273093861546563,75.81612500158033,99,1
22.561726679037054,90.32686033999332,87,1
12.2286993159506,87.67902096757248,141,1
11.585132270225303,96.45375765073321,26,0
31.829548059404175,80.4296166436601,72,0
28.05948523919029,68.1107929530089,123,1
14.404559111926728,87.14263230070301,12,0
16.612126069055204,81.95891534449403,117,1
25.41170298066337,77.13939127449096,23,0
14.727094060945511,92.47894954380547,150,1
32.605656349235176,77.2227097353088,28,0
15.799610883860367,78.81860263166465,84,1
27.70582559809802,84.3779907874173,53,0
24.53478351258938,86.97546139002974,130,1
11.38284254340081,74.69141482327281,10,0
33.265724136766266,90.91179251888246,48,0
14.996914098762765,90.30407039623749,115,1
8.308322076412109,96.85944307965231,130,1
8.040146582928168,86.14507683292419,142,1
25.824805340554864,68.67875295038539,105,1
33.82231803111902,72.92582274873136,67,0
30.668491608448893,80.23709129627865,101,1
24.05987714079542,71.54640198215975,36,0
31.735094196669426,80.04863606975665,13,0
9.883497575694786,76.16887136328336,84,1
23.30634346119161,70.77584698364853,109,1
9.796137274350343,71.51402598908375,125,1
18.45193070094411,73.17702990999545,108,1
19.59770070246602,71.89755531670336,15,0
18.98514094411442,90.9186575109201,23,0
16.344571459904373,76.28384002603752,148,1
20.97946038412067,83.15794488111135,87,1
26.78010307966298,91.04123488184102,64,0
16.137823310198097,95.87746097922691,38,0
23.1246191402524,80.57802160247046,86,1
33.30215711162509,68.19736330237883,147,1
32.10653563435115,91.19449854956193,134,1
15.441672637924569,75.37255506476848,93,1
10.551455305733327,73.02067517461926,120,1
15.157586014106341,88.1265537719451,66,0
24.82455081802398,92.5993265602726,17,0
24.64918245748858,80.38355637462365,22,0
23.17412068369982,73.56849876794718,148,1
28.33084842580455,96.05212920587287,19,0
32.48838961855324,69.62782852763618,63,0
23.271326873577166,84.2523276091572,112,1
9.578915311690311,96.53932002532733,23,0
33.2801019383199,82.93394616275202,55,0
15.22942427404923,77.31816428589894,40,0
13.504393801816128,69.92482658826874,70,0
8.56916173048344,74.08306400431074,102,1
9.408064056435332,80.99666794123051,26,0
25.153741586186623,76.05150625797458,142,1
33.523537400285484,82.97367479797107,145,1
19.924383814974107,78.834300157651,125,1
22.18499637116074,74.93324735032358,21,0
20.04959702194908,93.96594876646965,125,1
8.216681289717345,91.1524948752448,28,0
21.279298919400013,75.75223143141169,78,0
10.5959960593945,82.62472257592077,97,1
10.0749927539042,83.45716700711796,127,1
30.99805096339608,82.32205135430775,102,1
24.625573501982814,79.43006892795697,139,1
22.649197241361136,88.66950603210742,135,1
8.297530913162129,84.97914711774119,122,1
9.82127766278075,90.36668161911261,37,0
32.98505462977498,80.62825457526667,144,1
17.195462649194994,75.71375015917143,45,0
22.53006084048724,86.95243899318267,134,1
18.25319802774598,76.68993016443329,35,0
24.931653364817123,86.56082754628954,14,0
19.895582956999117,78.04022951571139,14,0
19.16727862931918,79.3354934548626,26,0
30.061192711420173,72.70554537624314,91,1
23.435501292076363,95.00281090681096,146,1
26.710413755227506,94.28275226837499,12,0
9.365290018952606,79.76067122667922,119,1
25.938032523302805,79.8545368792529,37,0
31.803256057454874,75.80919936739745,131,1
33.785374264843206,74.18449446739491,131,1
20.884363710569218,93.39811802255076,82,1
11.239425294748854,78.05547002523832,57,0
18.239517857741312,73.20966547729344,91,1
24.9417954930655,82.96587416707622,29,0
9.077411808754878,80.74635419356798,101,1
19.443875377927082,90.44652233293701,124,1
23.59891961079171,82.23016242582952,118,1
31.914424245291606,93.14928215843113,30,0
30.595751313807845,81.87092486445816,119,1
17.457424809925378,85.30813787003602,127,1
31.762219286214314,76.96892631690154,62,0
17.358005900943482,82.59648623069506,57,0
26.35954162076729,94.63518881917823,143,1
15.32993990936504,90.53006307686775,16,0
8.556308421902783,75.55680614718446,128,1
17.905718658846702,75.14809909637314,130,1
28.662260412927466,72.69341872896678,78,0
15.771763168059788,89.66992513798763,62,0
28.84603395268762,70.48028581122146,122,1
15.191205130033143,68.16834883149397,46,0
28.89396762875183,80.440365092087,100,1
34.42069372799453,78.24737658010939,68,0
8.513789318832028,94.37199400172052,25,0
21.157970264283847,81.78989412911805,114,1
34.049296031619456,89.08606856196927,133,1
11.543972050219509,94.84988426872809,138,1
33.183199054033096,73.77023354107874,132,1
8.393157177057889,87.24511074075608,24,0
34.69884718153419,91.39956972455103,33,0
35.86441157106755,89.24769000484257,33,0
18.890260149733002,68.66202838121734,71,0
27.20631101835253,69.41768224463996,11,0
14.184047536741417,73.43040242311241,17,0
13.844107770731284,74.30290932427651,120,1
19.592343861418396,90.12891260012194,136,1
23.739926610900866,84.66780420786051,117,1
18.945026761449373,91.1782249555996,78,0
35.45707436912912,78.2039587756689,77,0
10.133128649831459,76.2132937679437,147,1
28.444545343853115,73.45255916673113,114,1
14.639899506467911,93.05021693131573,70,0
21.965150878474347,68.20027191394517,98,1
32.92891129377334,73.81905992443052,45,0
10.47810349556649,68.5814896187695,23,0
36.1628477059008,78.72198906210005,62,0
15.419081682322545,82.26861218719853,123,1
23.662962627978207,75.17831786129825,74,0
16.139043765987328,72.03586208033339,42,0
19.371127503651017,82.79711821401717,18,0
18.130220167971753,76.07661569783619,93,1
16.04359756410282,89.82354693353385,64,0
36.15303896625946,69.53800962930623,144,1
10.066717262685987,75.14979907012655,118,1
28.723726187936343,77.73818282330554,38,0
17.39326176246538,96.13524036946615,74,0
29.695866339606866,95.51344360777547,62,0
29.821205914957353,89.44565098709317,96,1
32.35592779381101,95.98973801978721,105,1
33.900681339409495,96.63681329065254,85,1
14.197257171628188,81.90366851712842,105,1
32.647375456447165,92.66354187103201,102,1
16.65449396584409,70.42879434118638,94,1
20.783132448077488,96.2231268604485,71,0
11.606869456736552,85.26297342639819,93,1
32.47443448565872,83.57675053830607,64,0
33.42671393951901,88.72921334308262,88,1
30.795983709734404,74.91952387869017,44,0
27.367002011354323,69.1610236205602,21,0
18.699193773740454,75.46832289900998,13,0
36.660711838968126,80.86717722711327,128,1
9.14821598756639,96.83797814565753,68,0
17.904169160066754,69.38254771700844,88,1
28.19359676770574,81.5992878291971,60,0
10.79363359573263,80.31112732842092,57,0
32.04512036056075,82.7600417899177,40,0
29.24684532125827,79.74796227249239,35,0
10.258312237179489,68.74428387338551,31,0
17.193118263817194,95.8486142442049,43,0
27.129021321708684,69.59710404285322,63,0
31.921761464347636,82.60216936588016,65,0
27.203264833563445,81.663955385613,34,0
24.593206095559285,87.8693699373878,29,0
36.485529401053725,69.29215365832005,76,0
29.67473692448899,78.15844451525103,101,1
33.80884138064643,80.5646304847158,10,0
22.063804365215304,93.87489025729735,69,0
11.255182915489437,90.1984605826448,112,1
11.697697148077475,70.30888081162723,69,0
8.032547902525675,71.54650374981465,53,0
14.215574857015792,94.14788570198832,86,1
16.831450791004137,94.62759301033039,13,0
29.949255131659854,76.76806958341686,142,1
12.374905851860664,75.88967137605809,63,0
22.186075833879286,68.368405857785,49,0
26.996822319718238,90.12884178751911,101,1
27.719101296314207,75.97351650383004,15,0
19.23105694428517,76.4308224566594,147,1
33.10112277520245,75.68753248688328,99,1
35.79698814264147,81.46973176042643,123,1
18.25684304041383,91.23102886251044,17,0
21.846890216047548,95.65462733491096,103,1
24.767513739793586,81.97689360941882,124,1
17.025114764469315,86.95694810059405,116,1
17.455329604017592,84.69138832124334,82,1
27.94442716102782,87.16712861033349,42,0
20.408027807834063,70.4437459022123,36,0
29.598038762100842,69.25921700185044,124,1
20.79665123399805,68.74679066114145,135,1
19.86337530057431,96.39112267298867,15,0
29.457769719256124,88.79165251240059,109,1
36.932509696075556,76.65854361197944,15,0
13.982517059739159,92.93242572762173,130,1
22.108372620664518,79.5673172588651,101,1
17.852655868142897,72.3099502164523,95,1
34.64615706149872,70.57193680525017,53,0
14.921711468776365,89.38230951639294,23,0
33.878039848894446,80.94374292083863,101,1
27.358043295437145,92.72662084502095,99,1
23.729481243352144,88.24112208567153,11,0
9.710278455799543,75.90066256052324,110,1
14.727783532772484,86.39886220728184,126,1
20.661028325465836,86.99617793741427,107,1
33.47118281944016,77.75358958231826,118,1
29.165831031883734,86.46387908458624,63,0
21.33120745461266,86.5164256609001,43,0
32.99864714126616,83.38409970432659,76,0
14.81636759127705,90.83642310754378,40,0
23.44501632954652,87.87506722603715,85,1
32.517463544610756,76.19405072208049,72,0
24.770397829642192,82.22012784821294,26,0
15.723288301657174,79.90807563505841,58,0
16.698599409077467,78.40553799868121,14,0
14.937216242373747,94.87543436068484,123,1
34.30000185056697,91.45413440157402,147,1
14.69239363274044,79.64386828987584,68,0
32.765703335979914,75.90892805825672,13,0
32.58006968383674,71.23563610930124,18,0
25.285339636626745,79.95524634843784,94,1
36.91487119262669,82.08734427775835,49,0
15.340652593081643,69.78550065822145,124,1
28.825292886095607,76.11694026938062,75,0
32.18083394785186,95.60604457620539,139,1
29.36316794779142,76.49444332424359,55,0
24.15751789862347,84.2505748760115,49,0
23.507410319002886,77.0414404910308,75,0
31.784404472903717,69.42673630634376,81,1
8.332089218270236,91.17342272609007,48,0
19.885559401479306,96.1601366663547,130,1
16.83921694924996,85.9674876330024,66,0
30.366959366375454,79.54988635581273,80,0
30.71159361929232,88.10442270903957,40,0
15.095117303940992,86.61839334078365,43,0
10.958968081361029,87.61185918495255,123,1
8.758924198324038,74.96526610920853,57,0
14.930923226321486,84.10237580506418,116,1
16.28331005546726,87.57772936843361,64,0
28.826124246148954,86.37055573362227,145,1
20.37768261603351,86.05216478326057,63,0
28.72613757530326,80.14489004612022,98,1
12.122333592277311,77.76909296609875,53,0
15.293477756262462,84.86153317863885,51,0
12.449684016305646,89.54023835071139,119,1
24.46650546067792,85.93442251227492,33,0
8.183510155469397,89.67460068724469,88,1
31.0431007416105,82.52603145332306,49,0
13.749845943073822,68.83263273983128,94,1
26.59554760166017,87.10348201632266,12,0
21.684743529256192,87.80439707419941,121,1
25.017978258160387,90.0626298686451,146,1
19.964754683997835,80.3208689731168,90,1
14.79962891604427,78.29664074559116,126,1
15.15273444141322,90.61406802833865,148,1
25.83557656371746,79.88029758510818,40,0
8.029430527800429,84.79944318130029,75,0
19.72273860517634,91.58241278553943,150,1
10.428688120625951,94.06962774248609,136,1
15.486459756259782,79.64486130949484,52,0
25.98618654829936,68.85974844981976,89,1
19.001222474899933,79.66246964847055,44,0
12.155059628005054,87.38641359022603,106,1
36.7290543023729,82.07493790415268,109,1
24.543597626203265,70.11039587708174,28,0
36.74205916029516,77.66967128017849,105,1
36.174273243193966,88.46200275714246,113,1
28.69579701010608,68.97966811721629,14,0
25.800226483683,69.84746983333959,88,1
17.257535436709365,80.7449629275753,39,0
24.25914736939609,81.27553557664193,25,0
33.64285876247631,91.99790893963413,88,1
23.94530461530228,84.98375676957916,122,1
17.904108489743706,74.07184014463334,110,1
34.98883588280768,86.89175465818171,54,0
33.96241504087606,94.7553203379066,114,1
31.569927033077942,83.90037413439222,98,1
25.14378022972126,95.31100228843061,129,1
26.885863895278064,68.7189166885382,46,0
11.126446435657105,76.7297209909519,11,0
8.095320093699389,93.88293878024075,140,1
26.51330402332464,68.25344443777875,97,1
14.922064698412237,70.33824008539239,11,0
10.821169521817552,71.95972315041716,40,0
28.692769898189393,87.30367729015211,94,1
34.448553800867685,68.9643598154503,100,1
13.18195623743205,82.862921392342,148,1
32.763468540259225,72.99049677251473,65,0
16.977924901783226,71.96119530222859,69,0
32.143639305777526,95.47421486612528,70,0
31.603574104227604,75.42963282171374,18,0
16.96492992534307,78.92110679025166,99,1
15.996289135002929,83.69415292777695,41,0
19.105831551444254,94.89781794391948,58,0
8.698510229818185,94.25038175817254,93,1
18.25046330570006,75.59487656341915,148,1
24.657735564703426,76.2371756833938,61,0
19.02733648794886,90.98452214813886,105,1
35.237282733763344,79.66316720203149,100,1
22.56134426317975,90.0770939700854,23,0
31.277920435852582,90.58344340287618,123,1
31.32732455831222,83.10872241532306,146,1
33.89548913996136,96.45930360947638,10,0
8.381497514386036,82.63058787237499,22,0
24.02584999692491,77.41063536607444,19,0
19.543373740473378,88.14173487065048,48,0
24.52618422139416,85.89305849605066,71,0
23.597608243387057,90.02673907028768,30,0
35.4058247019641,96.81706919601618,87,1
34.632212972874825,96.3112797913885,95,1
23.598993524586394,77.92882082970236,28,0
18.91435196566671,88.47482817996583,108,1
33.16267253886192,71.15855275703953,50,0
34.89785877636572,96.26831401982311,98,1
25.524162248932967,79.58185705452986,117,1
18.025866500391153,79.25092008318101,75,0
9.790825934299642,69.22506673438781,92,1
16.606642991203685,73.56921339713244,110,1
27.221445121275018,69.51523308462671,97,1
8.2286141334634,81.63210055853312,100,1
29.7573568809545,94.55461112698471,84,1
15.650385830333917,87.42818332539473,30,0
11.18646402124731,68.21081622898741,47,0
12.832139348532676,91.57747826051803,125,1
32.501203513820045,82.27363071629355,130,1
31.290679065309394,73.76642785328929,131,1
10.853684445759537,90.5288080183273,106,1
24.991850207246,92.96123179365051,115,1
32.346469197821605,80.79670133371845,62,0
18.743903804362134,71.6438931291785,124,1
11.17689286147916,81.04040854831234,128,1
11.900512517035926,78.49553670290463,119,1
21.777316239253924,73.9337050913712,21,0
14.840126329747578,71.45481818679912,127,1
18.72626425990311,87.65455077431405,53,0
26.070679162585872,84.2947659306488,132,1
14.704418718998266,68.80589370629338,81,1
11.671779692801874,70.67817880110182,40,0
18.802614133164976,94.1445067707312,16,0
8.350617822054895,83.58326757763776,107,1
10.842621174777419,69.83479003383617,90,1
22.280346606944253,93.14196794026964,97,1
17.73640337756303,95.63860482995904,147,1
21.851325837748767,85.40930429547817,32,0
33.84765809048167,79.34463695371605,66,0
35.405688044072534,90.69503217090318,91,1
17.199145438564464,83.60288252367324,96,1
17.067593516368824,96.70945998116972,72,0
18.750061776972615,79.28554718690758,45,0
36.45944601324908,84.80786482920979,15,0
16.405552587028566,78.70228791873379,47,0
22.101210089708026,74.41870527802304,38,0
24.890635635171265,84.20226250187797,133,1
